"ONTOLOGY","ID","Description","GeneRatio","BgRatio","pvalue","p.adjust","qvalue","geneID","Count"
"BP","GO:0007159","Leukocyte Cell-Cell Adhesion","43/145","419/18870",1.64107852455387e-36,3.12133135370146e-33,2.07812364740874e-33,"CD6/TNFSF13B/CORO1A/LILRB1/RASAL3/EBI3/CRTAM/SELPLG/CD86/SLAMF1/PLA2G2D/CCR2/SASH3/LAX1/RAC2/LILRB2/IDO1/IL2RA/HAVCR2/FERMT3/ITGB2/LAPTM5/VCAM1/TNFAIP8L2/ICOS/CD300A/IL7R/PTAFR/OLR1/HLA-DQB1/TIGIT/LCK/LILRB4/HLA-DRB1/HLA-DQA1/SPN/PDCD1LG2/HLA-DOA/HLA-DRA/HLA-DPB1/HLA-DPA1/HLA-DQB2/CCL5",43
"BP","GO:0050863","Regulation Of T Cell Activation","40/145","381/18870",2.80543686883532e-34,2.66797046226239e-31,1.77628450168889e-31,"CD6/TNFSF13B/CORO1A/LILRB1/RASAL3/EBI3/CRTAM/CD86/CD2/SLAMF1/PLA2G2D/CCR2/SASH3/LAX1/RAC2/LILRB2/IDO1/IL2RA/HAVCR2/IRF4/LAPTM5/VCAM1/TNFAIP8L2/ICOS/CD300A/IL7R/HLA-DQB1/TIGIT/LCK/LILRB4/HLA-DRB1/HLA-DQA1/SPN/PDCD1LG2/HLA-DOA/HLA-DRA/HLA-DPB1/HLA-DPA1/HLA-DQB2/CCL5",40
"BP","GO:0050867","Positive Regulation Of Cell Activation","38/145","396/18870",4.79287873832261e-31,1.82321107205792e-28,1.21385960467413e-28,"FGR/CD6/SPI1/TNFSF13B/CORO1A/LILRB1/RASAL3/EBI3/CD86/PLEK/CD2/SLAMF1/CCR2/SASH3/LILRB2/IL2RA/HAVCR2/ITGB2/VCAM1/ICOS/IL7R/PTAFR/ITGAM/HLA-DQB1/LCK/LILRB4/LILRA5/HLA-DRB1/HLA-DQA1/SPN/PDCD1LG2/HLA-DOA/HLA-DRA/HLA-DPB1/HLA-DPA1/HLA-DQB2/LILRA2/CCL5",38
"BP","GO:0002764","Immune Response-Regulating Signaling Pathway","41/145","500/18870",8.24570175818421e-31,2.61388745734439e-28,1.74027705527993e-28,"FGR/FCN1/SLA2/HCK/TLR8/LILRB1/CD33/SLC15A3/LAX1/THEMIS2/LILRB2/HAVCR2/MYO1G/IRF4/CD8A/GBP5/MS4A1/FCER1G/LAPTM5/TRAT1/MNDA/AIM2/CD200R1/PRKCB/CLEC4E/CD3D/CD300A/FPR1/C3AR1/TLR10/HLA-DQB1/LCK/CD300LF/LILRB4/FPR3/HLA-DRB1/CD247/NCR3/HLA-DPB1/NFAM1/LILRA2",41
"BP","GO:0002696","Positive Regulation Of Leukocyte Activation","35/145","380/18870",6.06602925811249e-28,1.64822680698999e-25,1.09735837556531e-25,"FGR/CD6/SPI1/TNFSF13B/CORO1A/LILRB1/RASAL3/EBI3/CD86/CD2/SLAMF1/CCR2/SASH3/LILRB2/IL2RA/HAVCR2/ITGB2/VCAM1/ICOS/IL7R/PTAFR/ITGAM/HLA-DQB1/LCK/LILRB4/HLA-DRB1/HLA-DQA1/SPN/PDCD1LG2/HLA-DOA/HLA-DRA/HLA-DPB1/HLA-DPA1/HLA-DQB2/CCL5",35
"BP","GO:1903039","Positive Leukocyte Cell-Cell Adhesion","31/145","275/18870",1.89098907491003e-27,4.4958265255986e-25,2.99323665410101e-25,"CD6/TNFSF13B/CORO1A/LILRB1/RASAL3/EBI3/CD86/SLAMF1/CCR2/SASH3/LILRB2/IL2RA/HAVCR2/ITGB2/VCAM1/ICOS/IL7R/PTAFR/HLA-DQB1/LCK/LILRB4/HLA-DRB1/HLA-DQA1/SPN/PDCD1LG2/HLA-DOA/HLA-DRA/HLA-DPB1/HLA-DPA1/HLA-DQB2/CCL5",31
"BP","GO:0001819","Positive Regulation Of Cytokine Production","38/145","499/18870",2.57911367101533e-27,5.4505268914124e-25,3.62885818272683e-25,"FGR/CD6/CD84/FCN1/TLR8/LILRB1/EBI3/CRTAM/CD86/STAT1/CD2/SLAMF1/CCR2/SASH3/LILRB2/IDO1/HAVCR2/IRF4/GBP5/FCER1G/LAPTM5/SLAMF6/AIM2/CYBB/CLEC4E/PTAFR/C3AR1/TIGIT/CSF1R/LILRA5/SPN/HLA-DPB1/LTB/HLA-DPA1/NFAM1/LILRA2/CLEC5A/MMP12",38
"BP","GO:0002757","Immune Response-Activating Signaling Pathway","37/145","473/18870",5.33587552453181e-27,1.01488352476595e-24,6.75690342738081e-25,"FGR/FCN1/SLA2/HCK/TLR8/SLC15A3/LAX1/THEMIS2/HAVCR2/MYO1G/IRF4/CD8A/GBP5/MS4A1/FCER1G/LAPTM5/TRAT1/MNDA/AIM2/PRKCB/CLEC4E/CD3D/CD300A/FPR1/C3AR1/TLR10/HLA-DQB1/LCK/CD300LF/LILRB4/FPR3/HLA-DRB1/CD247/NCR3/HLA-DPB1/NFAM1/LILRA2",37
"BP","GO:0070663","Regulation Of Leukocyte Proliferation","30/145","267/18870",1.58431474691349e-26,2.73942422602678e-24,1.82385707228414e-24,"CD6/CSF2RB/TNFSF13B/CORO1A/LILRB1/RASAL3/EBI3/CRTAM/CD86/SLAMF1/PLA2G2D/CCR2/SASH3/RAC2/LILRB2/IDO1/IL2RA/HAVCR2/VCAM1/MNDA/CD300A/CSF1R/LILRB4/HLA-DRB1/SPN/PDCD1LG2/LST1/HLA-DPB1/HLA-DPA1/CCL5",30
"BP","GO:0050870","Positive Regulation Of T Cell Activation","29/145","251/18870",5.27202770983005e-26,8.35616392008063e-24,5.56337660958382e-24,"CD6/TNFSF13B/CORO1A/LILRB1/RASAL3/EBI3/CD86/SLAMF1/CCR2/SASH3/LILRB2/IL2RA/HAVCR2/VCAM1/ICOS/IL7R/HLA-DQB1/LCK/LILRB4/HLA-DRB1/HLA-DQA1/SPN/PDCD1LG2/HLA-DOA/HLA-DRA/HLA-DPB1/HLA-DPA1/HLA-DQB2/CCL5",29
"BP","GO:0002768","Immune Response-Regulating Cell Surface Receptor Signaling Pathway","32/145","346/18870",1.35031493151892e-25,1.97561461519153e-23,1.31532701426499e-23,"FGR/FCN1/SLA2/HCK/LILRB1/LAX1/THEMIS2/LILRB2/MYO1G/CD8A/MS4A1/FCER1G/LAPTM5/TRAT1/MNDA/CD200R1/PRKCB/CLEC4E/CD3D/CD300A/FPR1/C3AR1/HLA-DQB1/LCK/LILRB4/FPR3/HLA-DRB1/CD247/NCR3/HLA-DPB1/NFAM1/LILRA2",32
"BP","GO:0070661","Leukocyte Proliferation","32/145","350/18870",1.93851947955609e-25,2.63361717865406e-23,1.75341273226013e-23,"CD6/CSF2RB/TNFSF13B/CORO1A/LILRB1/RASAL3/EBI3/CRTAM/CD86/SLAMF1/PLA2G2D/CCR2/SASH3/RAC2/LILRB2/IDO1/IL2RA/HAVCR2/MS4A1/VCAM1/MNDA/CD300A/IL7R/CSF1R/LILRB4/HLA-DRB1/SPN/PDCD1LG2/LST1/HLA-DPB1/HLA-DPA1/CCL5",32
"BP","GO:0050670","Regulation Of Lymphocyte Proliferation","28/145","238/18870",2.42690054469834e-25,2.94894791724459e-23,1.96335400102122e-23,"CD6/TNFSF13B/CORO1A/LILRB1/RASAL3/EBI3/CRTAM/CD86/SLAMF1/PLA2G2D/CCR2/SASH3/RAC2/LILRB2/IDO1/IL2RA/HAVCR2/VCAM1/MNDA/CD300A/LILRB4/HLA-DRB1/SPN/PDCD1LG2/LST1/HLA-DPB1/HLA-DPA1/CCL5",28
"BP","GO:0032944","Regulation Of Mononuclear Cell Proliferation","28/145","242/18870",3.88631125410306e-25,4.34809647370824e-23,2.89488076698822e-23,"CD6/TNFSF13B/CORO1A/LILRB1/RASAL3/EBI3/CRTAM/CD86/SLAMF1/PLA2G2D/CCR2/SASH3/RAC2/LILRB2/IDO1/IL2RA/HAVCR2/VCAM1/MNDA/CD300A/LILRB4/HLA-DRB1/SPN/PDCD1LG2/LST1/HLA-DPB1/HLA-DPA1/CCL5",28
"BP","GO:0046651","Lymphocyte Proliferation","30/145","307/18870",1.03182820446148e-24,1.09029846938097e-22,7.25900192963253e-23,"CD6/TNFSF13B/CORO1A/LILRB1/RASAL3/EBI3/CRTAM/CD86/SLAMF1/PLA2G2D/CCR2/SASH3/RAC2/LILRB2/IDO1/IL2RA/HAVCR2/MS4A1/VCAM1/MNDA/CD300A/IL7R/LILRB4/HLA-DRB1/SPN/PDCD1LG2/LST1/HLA-DPB1/HLA-DPA1/CCL5",30
"BP","GO:0032943","Mononuclear Cell Proliferation","30/145","314/18870",2.01260814280781e-24,2.01472667769498e-22,1.34136708908465e-22,"CD6/TNFSF13B/CORO1A/LILRB1/RASAL3/EBI3/CRTAM/CD86/SLAMF1/PLA2G2D/CCR2/SASH3/RAC2/LILRB2/IDO1/IL2RA/HAVCR2/MS4A1/VCAM1/MNDA/CD300A/IL7R/LILRB4/HLA-DRB1/SPN/PDCD1LG2/LST1/HLA-DPB1/HLA-DPA1/CCL5",30
"BP","GO:0042129","Regulation Of T Cell Proliferation","25/145","182/18870",2.1555500639541e-24,2.04992811082035e-22,1.36480354049304e-22,"CD6/TNFSF13B/CORO1A/LILRB1/RASAL3/EBI3/CRTAM/CD86/SLAMF1/PLA2G2D/CCR2/SASH3/RAC2/LILRB2/IDO1/IL2RA/HAVCR2/VCAM1/LILRB4/HLA-DRB1/SPN/PDCD1LG2/HLA-DPB1/HLA-DPA1/CCL5",25
"BP","GO:0051251","Positive Regulation Of Lymphocyte Activation","30/145","330/18870",8.72286391856319e-24,7.90042246338437e-22,5.2599525283366e-22,"CD6/SPI1/TNFSF13B/CORO1A/LILRB1/RASAL3/EBI3/CD86/SLAMF1/CCR2/SASH3/LILRB2/IL2RA/HAVCR2/VCAM1/ICOS/IL7R/HLA-DQB1/LCK/LILRB4/HLA-DRB1/HLA-DQA1/SPN/PDCD1LG2/HLA-DOA/HLA-DRA/HLA-DPB1/HLA-DPA1/HLA-DQB2/CCL5",30
"BP","GO:0002695","Negative Regulation Of Leukocyte Activation","25/145","202/18870",3.0861043713198e-23,2.66807750647739e-21,1.77635576971183e-21,"FGR/CD84/SPI1/LILRB1/CD33/CRTAM/CD86/PLA2G2D/CCR2/LAX1/LILRB2/IDO1/IL2RA/HAVCR2/LAPTM5/TNFAIP8L2/MNDA/CD300A/TIGIT/CD300LF/LILRB4/HLA-DRB1/SPN/PDCD1LG2/LST1",25
"BP","GO:0042098","T Cell Proliferation","25/145","213/18870",1.17962085145884e-22,9.75495156293356e-21,6.49466308606401e-21,"CD6/TNFSF13B/CORO1A/LILRB1/RASAL3/EBI3/CRTAM/CD86/SLAMF1/PLA2G2D/CCR2/SASH3/RAC2/LILRB2/IDO1/IL2RA/HAVCR2/VCAM1/LILRB4/HLA-DRB1/SPN/PDCD1LG2/HLA-DPB1/HLA-DPA1/CCL5",25
"BP","GO:0050866","Negative Regulation Of Cell Activation","25/145","223/18870",3.7381977810666e-22,2.96252174149528e-20,1.97239119764172e-20,"FGR/CD84/SPI1/LILRB1/CD33/CRTAM/CD86/PLA2G2D/CCR2/LAX1/LILRB2/IDO1/IL2RA/HAVCR2/LAPTM5/TNFAIP8L2/MNDA/CD300A/TIGIT/CD300LF/LILRB4/HLA-DRB1/SPN/PDCD1LG2/LST1",25
"BP","GO:0002429","Immune Response-Activating Cell Surface Receptor Signaling Pathway","28/145","318/18870",7.6524639687237e-22,5.82199458740499e-20,3.87617438078931e-20,"FGR/FCN1/SLA2/HCK/LAX1/THEMIS2/MYO1G/CD8A/MS4A1/FCER1G/LAPTM5/TRAT1/MNDA/PRKCB/CD3D/CD300A/FPR1/C3AR1/HLA-DQB1/LCK/LILRB4/FPR3/HLA-DRB1/CD247/NCR3/HLA-DPB1/NFAM1/LILRA2",28
"BP","GO:0002443","Leukocyte Mediated Immunity","32/145","466/18870",1.34391013945285e-21,9.83121955861277e-20,6.54544088162663e-20,"FGR/SLAMF7/CD84/SPI1/CSF2RB/IL2RB/SLA2/TLR8/CORO1A/IL21R/LILRB1/CRTAM/CD2/SLAMF1/CCR2/SASH3/RAC2/HAVCR2/MYO1G/CD8A/FCER1G/ITGB2/SLAMF6/CD300A/IL7R/PTAFR/ITGAM/LILRB4/HLA-DRB1/SPN/HLA-DRA/NCR3",32
"BP","GO:0050900","Leukocyte Migration","29/145","396/18870",2.28074911394991e-20,1.6066610424936e-18,1.06968467215662e-18,"SPI1/HCK/CORO1A/CCL8/CRTAM/SELPLG/SLAMF1/CCR2/RAC2/MYO1G/CXCL9/SLAMF8/FCER1G/ITGB2/JAML/CCR5/VCAM1/CD200R1/CCR1/CD300A/PTAFR/C3AR1/CXCR2/CCL13/CSF1R/LCK/SPN/CCL5/CCL18",29
"BP","GO:1903131","Mononuclear Cell Differentiation","31/145","481/18870",4.01395196658768e-20,2.72662022873206e-18,1.81533241195676e-18,"SPI1/TNFSF13B/LILRB1/CRTAM/CD86/CD2/SLAMF1/PLA2G2D/CCR2/SASH3/LILRB2/IL2RA/IRF4/CD8A/MS4A1/SLAMF8/FCER1G/VCAM1/SLAMF6/CLEC4E/CD3D/IL7R/CSF1R/LCK/IKZF1/LILRB4/HLA-DRB1/SPN/HLA-DOA/HLA-DRA/NFAM1",31
"BP","GO:0045785","Positive Regulation Of Cell Adhesion","31/145","482/18870",4.26418707942047e-20,2.79671856036474e-18,1.86200256135856e-18,"CD6/TNFSF13B/CORO1A/LILRB1/RASAL3/EBI3/CD86/SLAMF1/CCR2/SASH3/LILRB2/IL2RA/HAVCR2/ITGB2/VCAM1/ICOS/IL7R/PTAFR/HLA-DQB1/LCK/LILRB4/HLA-DRB1/HLA-DQA1/SPN/PDCD1LG2/HLA-DOA/HLA-DRA/HLA-DPB1/HLA-DPA1/HLA-DQB2/CCL5",31
"BP","GO:0070665","Positive Regulation Of Leukocyte Proliferation","21/145","166/18870",7.65731143039566e-20,4.85473544687085e-18,3.23219145640911e-18,"CD6/CSF2RB/TNFSF13B/CORO1A/RASAL3/EBI3/CD86/SLAMF1/CCR2/SASH3/RAC2/LILRB2/IL2RA/HAVCR2/VCAM1/CSF1R/SPN/PDCD1LG2/HLA-DPB1/HLA-DPA1/CCL5",21
"BP","GO:0042102","Positive Regulation Of T Cell Proliferation","18/145","105/18870",1.34256899987055e-19,8.23731044436706e-18,5.48424620320636e-18,"CD6/TNFSF13B/CORO1A/RASAL3/EBI3/CD86/SLAMF1/CCR2/SASH3/LILRB2/IL2RA/HAVCR2/VCAM1/SPN/PDCD1LG2/HLA-DPB1/HLA-DPA1/CCL5",18
"BP","GO:0030098","Lymphocyte Differentiation","29/145","429/18870",2.06572844428729e-19,1.22781734407326e-17,8.17457670551846e-18,"SPI1/TNFSF13B/CRTAM/CD86/CD2/SLAMF1/PLA2G2D/CCR2/SASH3/LILRB2/IL2RA/IRF4/CD8A/MS4A1/SLAMF8/FCER1G/VCAM1/SLAMF6/CLEC4E/CD3D/IL7R/LCK/IKZF1/LILRB4/HLA-DRB1/SPN/HLA-DOA/HLA-DRA/NFAM1",29
"BP","GO:0051250","Negative Regulation Of Lymphocyte Activation","20/145","169/18870",2.35606582676438e-18,1.35795066742601e-16,9.04097987112455e-17,"FGR/LILRB1/CRTAM/CD86/PLA2G2D/LAX1/LILRB2/IDO1/IL2RA/HAVCR2/LAPTM5/TNFAIP8L2/MNDA/CD300A/TIGIT/LILRB4/HLA-DRB1/SPN/PDCD1LG2/LST1",20
"BP","GO:0002697","Regulation Of Immune Effector Process","26/145","389/18870",2.45393415952359e-17,1.37275963865114e-15,9.139575213334e-16,"FGR/CD84/SPI1/FCN1/LILRB1/CRTAM/CD86/SLAMF1/CCR2/SASH3/RAC2/HAVCR2/IRF4/SLAMF8/ITGB2/LAPTM5/SLAMF6/CD300A/IL7R/PTAFR/ITGAM/LILRB4/HLA-DRB1/SPN/HLA-DRA/NCR3",26
"BP","GO:0050671","Positive Regulation Of Lymphocyte Proliferation","18/145","145/18870",5.40632502322075e-17,2.93795148404739e-15,1.95603278283746e-15,"CD6/TNFSF13B/CORO1A/RASAL3/EBI3/CD86/SLAMF1/CCR2/SASH3/LILRB2/IL2RA/HAVCR2/VCAM1/SPN/PDCD1LG2/HLA-DPB1/HLA-DPA1/CCL5",18
"BP","GO:0032946","Positive Regulation Of Mononuclear Cell Proliferation","18/145","148/18870",7.84720704948085e-17,4.14594105780905e-15,2.76028949722967e-15,"CD6/TNFSF13B/CORO1A/RASAL3/EBI3/CD86/SLAMF1/CCR2/SASH3/LILRB2/IL2RA/HAVCR2/VCAM1/SPN/PDCD1LG2/HLA-DPB1/HLA-DPA1/CCL5",18
"BP","GO:0050672","Negative Regulation Of Lymphocyte Proliferation","15/145","88/18870",1.80528828498755e-16,9.2801576163414e-15,6.17855421576108e-15,"LILRB1/CRTAM/CD86/PLA2G2D/LILRB2/IDO1/IL2RA/HAVCR2/MNDA/CD300A/LILRB4/HLA-DRB1/SPN/PDCD1LG2/LST1",15
"BP","GO:0032945","Negative Regulation Of Mononuclear Cell Proliferation","15/145","89/18870",2.1571664873569e-16,1.07971859446127e-14,7.18856311437772e-15,"LILRB1/CRTAM/CD86/PLA2G2D/LILRB2/IDO1/IL2RA/HAVCR2/MNDA/CD300A/LILRB4/HLA-DRB1/SPN/PDCD1LG2/LST1",15
"BP","GO:0050868","Negative Regulation Of T Cell Activation","17/145","133/18870",2.51551003194342e-16,1.22679489250164e-14,8.16776941546e-15,"LILRB1/CRTAM/CD86/PLA2G2D/LAX1/LILRB2/IDO1/IL2RA/HAVCR2/LAPTM5/TNFAIP8L2/CD300A/TIGIT/LILRB4/HLA-DRB1/SPN/PDCD1LG2",17
"BP","GO:0002703","Regulation Of Leukocyte Mediated Immunity","21/145","249/18870",3.54915309634242e-16,1.68762229731082e-14,1.12358715128946e-14,"FGR/CD84/SPI1/LILRB1/CRTAM/SLAMF1/CCR2/SASH3/RAC2/HAVCR2/ITGB2/SLAMF6/CD300A/IL7R/PTAFR/ITGAM/LILRB4/HLA-DRB1/SPN/HLA-DRA/NCR3",21
"BP","GO:0070664","Negative Regulation Of Leukocyte Proliferation","15/145","96/18870",7.06559341798852e-16,3.27774601975955e-14,2.182261587122e-14,"LILRB1/CRTAM/CD86/PLA2G2D/LILRB2/IDO1/IL2RA/HAVCR2/MNDA/CD300A/LILRB4/HLA-DRB1/SPN/PDCD1LG2/LST1",15
"BP","GO:0002449","Lymphocyte Mediated Immunity","24/145","368/18870",8.12701067432523e-16,3.68037483394443e-14,2.45032427098077e-14,"SLAMF7/CSF2RB/IL2RB/SLA2/TLR8/CORO1A/IL21R/LILRB1/CRTAM/CD2/SLAMF1/CCR2/SASH3/HAVCR2/MYO1G/CD8A/FCER1G/SLAMF6/IL7R/LILRB4/HLA-DRB1/SPN/HLA-DRA/NCR3",24
"BP","GO:0032609","Type Ii Interferon Production","16/145","119/18870",8.70539851903815e-16,3.76310635982058e-14,2.50540536325428e-14,"TLR8/LILRB1/EBI3/CRTAM/CD2/SLAMF1/CCR2/SASH3/HAVCR2/LAPTM5/SLAMF6/LILRB4/HLA-DRB1/PDCD1LG2/HLA-DPB1/HLA-DPA1",16
"BP","GO:0032649","Regulation Of Type Ii Interferon Production","16/145","119/18870",8.70539851903815e-16,3.76310635982058e-14,2.50540536325428e-14,"TLR8/LILRB1/EBI3/CRTAM/CD2/SLAMF1/CCR2/SASH3/HAVCR2/LAPTM5/SLAMF6/LILRB4/HLA-DRB1/PDCD1LG2/HLA-DPB1/HLA-DPA1",16
"BP","GO:0002366","Leukocyte Activation Involved In Immune Response","22/145","301/18870",1.35815526662828e-15,5.74046959361554e-14,3.82189657486274e-14,"FGR/CD84/SPI1/CORO1A/LILRB1/CD86/SLAMF1/CCR2/RAC2/HAVCR2/IRF4/FCER1G/ITGB2/SLAMF6/CLEC4E/CD300A/PTAFR/ITGAM/HLA-DRB1/SPN/HLA-DRA/LILRA2",22
"BP","GO:0002263","Cell Activation Involved In Immune Response","22/145","305/18870",1.7892772879658e-15,7.39827261241513e-14,4.92563061195163e-14,"FGR/CD84/SPI1/CORO1A/LILRB1/CD86/SLAMF1/CCR2/RAC2/HAVCR2/IRF4/FCER1G/ITGB2/SLAMF6/CLEC4E/CD300A/PTAFR/ITGAM/HLA-DRB1/SPN/HLA-DRA/LILRA2",22
"BP","GO:0030217","T Cell Differentiation","22/145","307/18870",2.05057756487774e-15,8.29829474127121e-14,5.52484839988338e-14,"SPI1/CRTAM/CD86/CD2/PLA2G2D/CCR2/SASH3/LILRB2/IL2RA/IRF4/CD8A/FCER1G/SLAMF6/CLEC4E/CD3D/IL7R/LCK/LILRB4/HLA-DRB1/SPN/HLA-DOA/HLA-DRA",22
"BP","GO:0071674","Mononuclear Cell Migration","19/145","207/18870",2.09623642942262e-15,8.30633685158713e-14,5.53020268551625e-14,"SPI1/CORO1A/CCL8/CRTAM/SLAMF1/CCR2/MYO1G/SLAMF8/JAML/CCR5/CD200R1/CCR1/C3AR1/CXCR2/CCL13/CSF1R/SPN/CCL5/CCL18",19
"BP","GO:1903038","Negative Leukocyte Cell-Cell Adhesion","17/145","152/18870",2.47424254102764e-15,9.60410063884608e-14,6.39422938100162e-14,"LILRB1/CRTAM/CD86/PLA2G2D/LAX1/LILRB2/IDO1/IL2RA/HAVCR2/LAPTM5/TNFAIP8L2/CD300A/TIGIT/LILRB4/HLA-DRB1/SPN/PDCD1LG2",17
"BP","GO:0002274","Myeloid Leukocyte Activation","20/145","241/18870",2.57971124180162e-15,9.81322156381337e-14,6.53345815555232e-14,"FGR/CD84/SPI1/CD33/CD2/SLAMF1/CCR2/RAC2/HAVCR2/IRF4/FCER1G/ITGB2/CD300A/PTAFR/ITGAM/CXCR2/CD300LF/LILRB4/LILRA2/CCL5",20
"BP","GO:0046631","Alpha-Beta T Cell Activation","18/145","181/18870",2.9125361188659e-15,1.08620464668293e-13,7.23174602888686e-14,"LILRB1/RASAL3/EBI3/CRTAM/CD86/PLA2G2D/CCR2/SASH3/IL2RA/IRF4/SLAMF6/CD3D/CD300A/LILRB4/HLA-DRB1/SPN/CD247/HLA-DRA",18
"BP","GO:0002833","Positive Regulation Of Response To Biotic Stimulus","23/145","369/18870",9.07458333261504e-15,3.31920336512189e-13,2.20986310711253e-13,"SPI1/FCN1/HCK/TLR8/CRTAM/SLC15A3/LY86/ZBP1/HAVCR2/IRF4/GBP5/SLAMF6/MNDA/AIM2/CLEC4E/CD300A/TLR10/CD300LF/HLA-DRB1/NCR3/LILRA2/MMP12/CCL5",23
"BP","GO:0045088","Regulation Of Innate Immune Response","24/145","425/18870",2.00009860121008e-14,7.1777123386822e-13,4.77878573437085e-13,"FGR/SPI1/FCN1/HCK/TLR8/LILRB1/CRTAM/SLC15A3/ZBP1/HAVCR2/IRF4/GBP5/SLAMF8/SLAMF6/MNDA/AIM2/CLEC4E/CD300A/TLR10/CD300LF/NCR3/LILRA2/MMP12/CCL5",24
"BP","GO:0002699","Positive Regulation Of Immune Effector Process","20/145","270/18870",2.27413059607538e-14,8.00999332173216e-13,5.33290274284343e-13,"FGR/CD84/SPI1/FCN1/LILRB1/CRTAM/CD86/SLAMF1/CCR2/SASH3/RAC2/ITGB2/LAPTM5/SLAMF6/CD300A/PTAFR/ITGAM/HLA-DRB1/HLA-DRA/NCR3",20
"BP","GO:0050851","Antigen Receptor-Mediated Signaling Pathway","18/145","205/18870",2.60796911248434e-14,8.85778080704502e-13,5.89734368856891e-13,"SLA2/LAX1/THEMIS2/CD8A/MS4A1/LAPTM5/TRAT1/MNDA/PRKCB/CD3D/CD300A/HLA-DQB1/LCK/LILRB4/HLA-DRB1/CD247/HLA-DPB1/NFAM1",18
"BP","GO:0030595","Leukocyte Chemotaxis","19/145","240/18870",3.17941583263241e-14,1.06092086204682e-12,7.06341135116675e-13,"SPI1/CORO1A/CCL8/SLAMF1/CCR2/RAC2/CXCL9/SLAMF8/FCER1G/ITGB2/JAML/CCR5/CCR1/C3AR1/CXCR2/CCL13/CSF1R/CCL5/CCL18",19
"BP","GO:0031349","Positive Regulation Of Defense Response","25/145","480/18870",3.40393180269576e-14,1.11625487736678e-12,7.4318148069746e-13,"SPI1/FCN1/HCK/TLR8/CRTAM/SLC15A3/CCR2/ZBP1/IDO1/ALOX5AP/HAVCR2/IRF4/GBP5/SLAMF6/MNDA/AIM2/CLEC4E/CD300A/TLR10/CD300LF/LILRA5/NCR3/LILRA2/MMP12/CCL5",25
"BP","GO:0097529","Myeloid Leukocyte Migration","19/145","242/18870",3.69783738218127e-14,1.19208249167945e-12,7.93666078637657e-13,"SPI1/CCL8/SLAMF1/CCR2/RAC2/CXCL9/SLAMF8/FCER1G/ITGB2/JAML/CD200R1/CCR1/CD300A/C3AR1/CXCR2/CCL13/CSF1R/CCL5/CCL18",19
"BP","GO:0002399","Mhc Class Ii Protein Complex Assembly","8/145","16/18870",1.22220033593445e-13,3.81086071958577e-12,2.53719931687514e-12,"HLA-DQB1/HLA-DRB1/HLA-DQA1/HLA-DOA/HLA-DRA/HLA-DPB1/HLA-DPA1/HLA-DQB2",8
"BP","GO:0002503","Peptide Antigen Assembly With Mhc Class Ii Protein Complex","8/145","16/18870",1.22220033593445e-13,3.81086071958577e-12,2.53719931687514e-12,"HLA-DQB1/HLA-DRB1/HLA-DQA1/HLA-DOA/HLA-DRA/HLA-DPB1/HLA-DPA1/HLA-DQB2",8
"BP","GO:0002460","Adaptive Immune Response Based On Somatic Recombination Of Immune Receptors Built From Immunoglobulin Superfamily Domains","22/145","380/18870",1.63935304180231e-13,4.95350570218014e-12,3.29795083276479e-12,"CSF2RB/IL2RB/SLA2/TLR8/TNFSF13B/IL21R/LILRB1/EBI3/SLAMF1/CCR2/SASH3/HAVCR2/MYO1G/IRF4/CD8A/FCER1G/SLAMF6/IL7R/LILRB4/HLA-DRB1/SPN/HLA-DRA",22
"BP","GO:0006935","Chemotaxis","24/145","468/18870",1.64075110009121e-13,4.95350570218014e-12,3.29795083276479e-12,"SPI1/CORO1A/CCL8/SLAMF1/CCR2/RAC2/CXCL9/SLAMF8/FCER1G/ITGB2/JAML/CCR5/VCAM1/CCR1/PTAFR/FPR1/C3AR1/CXCR2/CCL13/CSF1R/FPR3/SPN/CCL5/CCL18",24
"BP","GO:0006968","Cellular Defense Response","11/145","52/18870",1.73247759597758e-13,5.14870685554587e-12,3.42791208546222e-12,"NCF2/CCR2/LILRB2/CXCL9/CCR5/TRAT1/MNDA/CD300C/CXCR2/SPN/CLEC5A",11
"BP","GO:0042330","Taxis","24/145","470/18870",1.79949866208937e-13,5.26560993122152e-12,3.50574395221622e-12,"SPI1/CORO1A/CCL8/SLAMF1/CCR2/RAC2/CXCL9/SLAMF8/FCER1G/ITGB2/JAML/CCR5/VCAM1/CCR1/PTAFR/FPR1/C3AR1/CXCR2/CCL13/CSF1R/FPR3/SPN/CCL5/CCL18",24
"BP","GO:0045089","Positive Regulation Of Innate Immune Response","21/145","343/18870",2.07371019859029e-13,5.9760557541193e-12,3.97874540495076e-12,"SPI1/FCN1/HCK/TLR8/CRTAM/SLC15A3/ZBP1/HAVCR2/IRF4/GBP5/SLAMF6/MNDA/AIM2/CLEC4E/CD300A/TLR10/CD300LF/NCR3/LILRA2/MMP12/CCL5",21
"BP","GO:0042130","Negative Regulation Of T Cell Proliferation","12/145","72/18870",2.76561488055232e-13,7.85104403404555e-12,5.22707729977132e-12,"LILRB1/CRTAM/CD86/PLA2G2D/LILRB2/IDO1/IL2RA/HAVCR2/LILRB4/HLA-DRB1/SPN/PDCD1LG2",12
"BP","GO:0006909","Phagocytosis","18/145","237/18870",3.2128615072826e-13,8.9865626277228e-12,5.98308420009437e-12,"FGR/MSR1/ICAM3/FCN1/IL2RB/HCK/CORO1A/CEACAM4/NCF2/SLAMF1/CCR2/MYO1G/FCER1G/ITGB2/PLD4/CD300A/ITGAM/CD300LF",18
"BP","GO:0007162","Negative Regulation Of Cell Adhesion","20/145","312/18870",3.45982133094943e-13,9.53707271226931e-12,6.34960344947699e-12,"SPI1/LILRB1/CRTAM/CD86/PLA2G2D/LAX1/LILRB2/IDO1/ADAMDEC1/IL2RA/HAVCR2/LAPTM5/TNFAIP8L2/CD300A/TIGIT/LILRB4/HLA-DRB1/SPN/PDCD1LG2/MMP12",20
"BP","GO:0002275","Myeloid Cell Activation Involved In Immune Response","13/145","98/18870",5.79837153521391e-13,1.57550037999669e-11,1.04893848975373e-11,"FGR/CD84/SPI1/SLAMF1/CCR2/RAC2/HAVCR2/FCER1G/ITGB2/CD300A/PTAFR/ITGAM/LILRA2",13
"BP","GO:0032729","Positive Regulation Of Type Ii Interferon Production","12/145","77/18870",6.40273542170384e-13,1.71521165803954e-11,1.14195562821493e-11,"TLR8/LILRB1/EBI3/CRTAM/CD2/SLAMF1/CCR2/SASH3/HAVCR2/SLAMF6/HLA-DPB1/HLA-DPA1",12
"BP","GO:0060326","Cell Chemotaxis","20/145","325/18870",7.38782808573759e-13,1.95161791931568e-11,1.29935046595648e-11,"SPI1/CORO1A/CCL8/SLAMF1/CCR2/RAC2/CXCL9/SLAMF8/FCER1G/ITGB2/JAML/CCR5/VCAM1/CCR1/C3AR1/CXCR2/CCL13/CSF1R/CCL5/CCL18",20
"BP","GO:0097530","Granulocyte Migration","15/145","156/18870",1.10060227453728e-12,2.86759661119164e-11,1.90919183311946e-11,"CCL8/SLAMF1/RAC2/CXCL9/SLAMF8/FCER1G/ITGB2/JAML/CD300A/C3AR1/CXCR2/CCL13/CSF1R/CCL5/CCL18",15
"BP","GO:0002396","Mhc Protein Complex Assembly","8/145","20/18870",1.16568876166897e-12,2.9561866995925e-11,1.96817344601792e-11,"HLA-DQB1/HLA-DRB1/HLA-DQA1/HLA-DOA/HLA-DRA/HLA-DPB1/HLA-DPA1/HLA-DQB2",8
"BP","GO:0002501","Peptide Antigen Assembly With Mhc Protein Complex","8/145","20/18870",1.16568876166897e-12,2.9561866995925e-11,1.96817344601792e-11,"HLA-DQB1/HLA-DRB1/HLA-DQA1/HLA-DOA/HLA-DRA/HLA-DPB1/HLA-DPA1/HLA-DQB2",8
"BP","GO:0019886","Antigen Processing And Presentation Of Exogenous Peptide Antigen Via Mhc Class Ii","9/145","31/18870",1.2690991736982e-12,3.17608766891312e-11,2.11457937113425e-11,"FCER1G/HLA-DQB1/HLA-DRB1/HLA-DQA1/HLA-DOA/HLA-DRA/HLA-DPB1/HLA-DPA1/HLA-DQB2",9
"BP","GO:0036230","Granulocyte Activation","10/145","49/18870",3.33707620799757e-12,8.24301162027452e-11,5.4880419387848e-11,"SPI1/CCR2/FCER1G/ITGB2/CD300A/PTAFR/ITGAM/CXCR2/LILRA2/CCL5",10
"BP","GO:0002495","Antigen Processing And Presentation Of Peptide Antigen Via Mhc Class Ii","9/145","35/18870",4.33060618569865e-12,1.05334075406272e-10,7.01294441937824e-11,"FCER1G/HLA-DQB1/HLA-DRB1/HLA-DQA1/HLA-DOA/HLA-DRA/HLA-DPB1/HLA-DPA1/HLA-DQB2",9
"BP","GO:0071219","Cellular Response To Molecule Of Bacterial Origin","17/145","239/18870",4.3750746356969e-12,1.05334075406272e-10,7.01294441937824e-11,"CD6/SPI1/MMP9/HCK/LILRB1/LY86/CD86/LILRB2/HAVCR2/CXCL9/GBP5/CCR5/PTAFR/TLR10/PDCD1LG2/CARD16/LILRA2",17
"BP","GO:0046634","Regulation Of Alpha-Beta T Cell Activation","13/145","116/18870",5.27871078615752e-12,1.25501348940895e-10,8.3556435207204e-11,"LILRB1/RASAL3/EBI3/CRTAM/CD86/CCR2/SASH3/IL2RA/IRF4/CD300A/LILRB4/HLA-DRB1/HLA-DRA",13
"BP","GO:0002504","Antigen Processing And Presentation Of Peptide Or Polysaccharide Antigen Via Mhc Class Ii","9/145","37/18870",7.5314535050969e-12,1.76111586408915e-10,1.17251778432633e-10,"FCER1G/HLA-DQB1/HLA-DRB1/HLA-DQA1/HLA-DOA/HLA-DRA/HLA-DPB1/HLA-DPA1/HLA-DQB2",9
"BP","GO:0002237","Response To Molecule Of Bacterial Origin","20/145","369/18870",7.59261308387542e-12,1.76111586408915e-10,1.17251778432633e-10,"CD6/SPI1/CSF2RB/MMP9/HCK/LILRB1/LY86/CD86/LILRB2/IDO1/HAVCR2/CXCL9/GBP5/CCR5/VCAM1/PTAFR/TLR10/PDCD1LG2/CARD16/LILRA2",20
"BP","GO:0045619","Regulation Of Lymphocyte Differentiation","16/145","212/18870",7.88331369546319e-12,1.80651357214108e-10,1.20274272360713e-10,"SPI1/CRTAM/CD86/CD2/CCR2/SASH3/LILRB2/IL2RA/IRF4/SLAMF8/IL7R/LILRB4/HLA-DRB1/HLA-DOA/HLA-DRA/NFAM1",16
"BP","GO:0002407","Dendritic Cell Chemotaxis","8/145","26/18870",1.39060358954359e-11,3.14872384203798e-10,2.09636105040217e-10,"SPI1/SLAMF1/CCR2/SLAMF8/CCR5/CCR1/CXCR2/CCL5",8
"BP","GO:0002478","Antigen Processing And Presentation Of Exogenous Peptide Antigen","9/145","40/18870",1.62340915005026e-11,3.63261670987716e-10,2.41852781115846e-10,"FCER1G/HLA-DQB1/HLA-DRB1/HLA-DQA1/HLA-DOA/HLA-DRA/HLA-DPB1/HLA-DPA1/HLA-DQB2",9
"BP","GO:0071222","Cellular Response To Lipopolysaccharide","16/145","226/18870",2.0776477266009e-11,4.49624053385523e-10,2.9935122930034e-10,"CD6/SPI1/MMP9/HCK/LILRB1/LY86/CD86/LILRB2/HAVCR2/CXCL9/GBP5/CCR5/PTAFR/PDCD1LG2/CARD16/LILRA2",16
"BP","GO:0071706","Tumor Necrosis Factor Superfamily Cytokine Production","15/145","191/18870",2.08027953196246e-11,4.49624053385523e-10,2.9935122930034e-10,"CD84/LILRB1/CD33/CD86/CD2/SLAMF1/CCR2/SASH3/HAVCR2/CYBB/PTAFR/LILRB4/LILRA5/SPN/LILRA2",15
"BP","GO:1903555","Regulation Of Tumor Necrosis Factor Superfamily Cytokine Production","15/145","191/18870",2.08027953196246e-11,4.49624053385523e-10,2.9935122930034e-10,"CD84/LILRB1/CD33/CD86/CD2/SLAMF1/CCR2/SASH3/HAVCR2/CYBB/PTAFR/LILRB4/LILRA5/SPN/LILRA2",15
"BP","GO:0071216","Cellular Response To Biotic Stimulus","17/145","265/18870",2.26797501977689e-11,4.84014074974089e-10,3.22247458184642e-10,"CD6/SPI1/MMP9/HCK/LILRB1/LY86/CD86/LILRB2/HAVCR2/CXCL9/GBP5/CCR5/PTAFR/TLR10/PDCD1LG2/CARD16/LILRA2",17
"BP","GO:0071621","Granulocyte Chemotaxis","13/145","130/18870",2.29028742101304e-11,4.84014074974089e-10,3.22247458184642e-10,"CCL8/SLAMF1/RAC2/CXCL9/FCER1G/ITGB2/JAML/C3AR1/CXCR2/CCL13/CSF1R/CCL5/CCL18",13
"BP","GO:0032496","Response To Lipopolysaccharide","19/145","348/18870",2.32942854985405e-11,4.86876165035429e-10,3.24152983860546e-10,"CD6/SPI1/CSF2RB/MMP9/HCK/LILRB1/LY86/CD86/LILRB2/IDO1/HAVCR2/CXCL9/GBP5/CCR5/VCAM1/PTAFR/PDCD1LG2/CARD16/LILRA2",19
"BP","GO:0042119","Neutrophil Activation","9/145","42/18870",2.61303643280312e-11,5.40216879912123e-10,3.59666227535715e-10,"SPI1/FCER1G/ITGB2/CD300A/PTAFR/ITGAM/CXCR2/LILRA2/CCL5",9
"BP","GO:0043299","Leukocyte Degranulation","11/145","81/18870",2.87705561668144e-11,5.88404277734205e-10,3.91748489741684e-10,"FGR/CD84/SPI1/HCK/CORO1A/CCR2/RAC2/ITGB2/CD300A/PTAFR/ITGAM",11
"BP","GO:1902105","Regulation Of Leukocyte Differentiation","18/145","321/18870",5.24464555484422e-11,1.06120381333125e-09,7.0652951875449e-10,"SPI1/LILRB1/CRTAM/CD86/CD2/CCR2/SASH3/LILRB2/IL2RA/IRF4/SLAMF8/CCR1/IL7R/LILRB4/HLA-DRB1/HLA-DOA/HLA-DRA/NFAM1",18
"BP","GO:0050777","Negative Regulation Of Immune Response","15/145","205/18870",5.70803893800844e-11,1.14280948000969e-09,7.60861035171651e-10,"FGR/CD84/SPI1/HCK/LILRB1/SLAMF1/CCR2/HAVCR2/SLAMF8/CD300A/IL7R/LILRB4/HLA-DRB1/SPN/MMP12",15
"BP","GO:0001909","Leukocyte Mediated Cytotoxicity","13/145","140/18870",5.88532432901573e-11,1.16602988268624e-09,7.76320742083983e-10,"SLAMF7/SPI1/CORO1A/LILRB1/CRTAM/CD2/HAVCR2/SLAMF6/IL7R/ITGAM/HLA-DRB1/HLA-DRA/NCR3",13
"BP","GO:0043300","Regulation Of Leukocyte Degranulation","9/145","47/18870",7.72986033320937e-11,1.51569013956332e-09,1.00911795777003e-09,"FGR/CD84/SPI1/CCR2/RAC2/ITGB2/CD300A/PTAFR/ITGAM",9
"BP","GO:0050852","T Cell Receptor Signaling Pathway","13/145","144/18870",8.40645980699965e-11,1.63153944417483e-09,1.08624824358975e-09,"SLA2/THEMIS2/CD8A/LAPTM5/TRAT1/CD3D/CD300A/HLA-DQB1/LCK/LILRB4/HLA-DRB1/CD247/HLA-DPB1",13
"BP","GO:0019882","Antigen Processing And Presentation","12/145","116/18870",9.28699021352455e-11,1.78422781678017e-09,1.18790528728017e-09,"LILRB2/CD8A/FCER1G/TAP1/HLA-DQB1/HLA-DRB1/HLA-DQA1/HLA-DOA/HLA-DRA/HLA-DPB1/HLA-DPA1/HLA-DQB2",12
"BP","GO:0019884","Antigen Processing And Presentation Of Exogenous Antigen","9/145","49/18870",1.15035908744721e-10,2.1879829843246e-09,1.45671787599894e-09,"FCER1G/HLA-DQB1/HLA-DRB1/HLA-DQA1/HLA-DOA/HLA-DRA/HLA-DPB1/HLA-DPA1/HLA-DQB2",9
"BP","GO:0036336","Dendritic Cell Migration","8/145","33/18870",1.18110541861515e-10,2.22422030317427e-09,1.4808440006191e-09,"SPI1/SLAMF1/CCR2/SLAMF8/CCR5/CCR1/CXCR2/CCL5",8
"BP","GO:0002704","Negative Regulation Of Leukocyte Mediated Immunity","10/145","69/18870",1.21183682008185e-10,2.25971924685851e-09,1.50447852895611e-09,"CD84/SPI1/LILRB1/SLAMF1/CCR2/HAVCR2/CD300A/IL7R/LILRB4/SPN",10
"BP","GO:0048002","Antigen Processing And Presentation Of Peptide Antigen","10/145","71/18870",1.62424472529514e-10,2.99933346360325e-09,1.99689974913648e-09,"FCER1G/TAP1/HLA-DQB1/HLA-DRB1/HLA-DQA1/HLA-DOA/HLA-DRA/HLA-DPB1/HLA-DPA1/HLA-DQB2",10
"BP","GO:0032640","Tumor Necrosis Factor Production","14/145","186/18870",1.76697452607653e-10,3.20074814152149e-09,2.1309978494938e-09,"CD84/LILRB1/CD33/CD2/SLAMF1/CCR2/SASH3/HAVCR2/CYBB/PTAFR/LILRB4/LILRA5/SPN/LILRA2",14
